<?xml version="1.0"?>
<schema version="0.3">
   <table name="CookbookEvents">
      <field name="id" type="I">
         <key />
         <unsigned />
         <autoincrement />
      </field>
      <field name="title" type="C" size="255"></field>
      <field name="event_date" type="T"></field>
      <field name="location" type="C" size="255"></field>
      <field name="description" type="X2"></field>
      <field name="created_by" type="I"></field>
      <field name="created_at" type="T"></field>
   </table>
</schema>